{
  "ExpressionLimit": {"Type": "First"},
  "CollapseSettings": {
    "CollapseType": "ERA",
    "EraPad": 0
  },
  "CensorWindow": {
    "StartDate": null,
    "EndDate": null
  },
  "ConceptSets": [
    {
      "expression": {"items": [
        {
          "isExcluded": false,
          "concept": {
            "INVALID_REASON_CAPTION": "Valid",
            "CONCEPT_ID": 443735,
            "STANDARD_CONCEPT": "S",
            "CONCEPT_CODE": "420662003",
            "VOCABULARY_ID": "SNOMED",
            "CONCEPT_NAME": "Coma associated with diabetes mellitus",
            "DOMAIN_ID": "Condition",
            "STANDARD_CONCEPT_CAPTION": "Standard",
            "CONCEPT_CLASS_ID": "Clinical Finding",
            "INVALID_REASON": "V"
          },
          "includeMapped": false,
          "includeDescendants": true
        },
        {
          "isExcluded": false,
          "concept": {
            "INVALID_REASON_CAPTION": "Valid",
            "CONCEPT_ID": 4221933,
            "STANDARD_CONCEPT": "S",
            "CONCEPT_CODE": "420996007",
            "VOCABULARY_ID": "SNOMED",
            "CONCEPT_NAME": "Coma associated with malnutrition-related diabetes mellitus",
            "DOMAIN_ID": "Condition",
            "STANDARD_CONCEPT_CAPTION": "Standard",
            "CONCEPT_CLASS_ID": "Clinical Finding",
            "INVALID_REASON": "V"
          },
          "includeMapped": false,
          "includeDescendants": true
        },
        {
          "isExcluded": false,
          "concept": {
            "INVALID_REASON_CAPTION": "Valid",
            "CONCEPT_ID": 201820,
            "STANDARD_CONCEPT": "S",
            "CONCEPT_CODE": "73211009",
            "VOCABULARY_ID": "SNOMED",
            "CONCEPT_NAME": "Diabetes mellitus",
            "DOMAIN_ID": "Condition",
            "STANDARD_CONCEPT_CAPTION": "Standard",
            "CONCEPT_CLASS_ID": "Clinical Finding",
            "INVALID_REASON": "V"
          },
          "includeMapped": false,
          "includeDescendants": true
        },
        {
          "isExcluded": false,
          "concept": {
            "INVALID_REASON_CAPTION": "Valid",
            "CONCEPT_ID": 4008576,
            "STANDARD_CONCEPT": "S",
            "CONCEPT_CODE": "111552007",
            "VOCABULARY_ID": "SNOMED",
            "CONCEPT_NAME": "Diabetes mellitus without complication",
            "DOMAIN_ID": "Condition",
            "STANDARD_CONCEPT_CAPTION": "Standard",
            "CONCEPT_CLASS_ID": "Clinical Finding",
            "INVALID_REASON": "V"
          },
          "includeMapped": false,
          "includeDescendants": true
        },
        {
          "isExcluded": false,
          "concept": {
            "INVALID_REASON_CAPTION": "Valid",
            "CONCEPT_ID": 376979,
            "STANDARD_CONCEPT": "S",
            "CONCEPT_CODE": "43959009",
            "VOCABULARY_ID": "SNOMED",
            "CONCEPT_NAME": "Diabetic cataract",
            "DOMAIN_ID": "Condition",
            "STANDARD_CONCEPT_CAPTION": "Standard",
            "CONCEPT_CLASS_ID": "Clinical Finding",
            "INVALID_REASON": "V"
          },
          "includeMapped": false,
          "includeDescendants": true
        },
        {
          "isExcluded": false,
          "concept": {
            "INVALID_REASON_CAPTION": "Valid",
            "CONCEPT_ID": 443767,
            "STANDARD_CONCEPT": "S",
            "CONCEPT_CODE": "25093002",
            "VOCABULARY_ID": "SNOMED",
            "CONCEPT_NAME": "Diabetic oculopathy",
            "DOMAIN_ID": "Condition",
            "STANDARD_CONCEPT_CAPTION": "Standard",
            "CONCEPT_CLASS_ID": "Clinical Finding",
            "INVALID_REASON": "V"
          },
          "includeMapped": false,
          "includeDescendants": true
        },
        {
          "isExcluded": false,
          "concept": {
            "INVALID_REASON_CAPTION": "Valid",
            "CONCEPT_ID": 443733,
            "STANDARD_CONCEPT": "S",
            "CONCEPT_CODE": "422099009",
            "VOCABULARY_ID": "SNOMED",
            "CONCEPT_NAME": "Diabetic oculopathy associated with type 2 diabetes mellitus",
            "DOMAIN_ID": "Condition",
            "STANDARD_CONCEPT_CAPTION": "Standard",
            "CONCEPT_CLASS_ID": "Clinical Finding",
            "INVALID_REASON": "V"
          },
          "includeMapped": false,
          "includeDescendants": true
        },
        {
          "isExcluded": false,
          "concept": {
            "INVALID_REASON_CAPTION": "Valid",
            "CONCEPT_ID": 192279,
            "STANDARD_CONCEPT": "S",
            "CONCEPT_CODE": "127013003",
            "VOCABULARY_ID": "SNOMED",
            "CONCEPT_NAME": "Diabetic renal disease",
            "DOMAIN_ID": "Condition",
            "STANDARD_CONCEPT_CAPTION": "Standard",
            "CONCEPT_CLASS_ID": "Clinical Finding",
            "INVALID_REASON": "V"
          },
          "includeMapped": false,
          "includeDescendants": true
        },
        {
          "isExcluded": false,
          "concept": {
            "INVALID_REASON_CAPTION": "Valid",
            "CONCEPT_ID": 4174977,
            "STANDARD_CONCEPT": "S",
            "CONCEPT_CODE": "4855003",
            "VOCABULARY_ID": "SNOMED",
            "CONCEPT_NAME": "Diabetic retinopathy",
            "DOMAIN_ID": "Condition",
            "STANDARD_CONCEPT_CAPTION": "Standard",
            "CONCEPT_CLASS_ID": "Clinical Finding",
            "INVALID_REASON": "V"
          },
          "includeMapped": false,
          "includeDescendants": true
        },
        {
          "isExcluded": false,
          "concept": {
            "INVALID_REASON_CAPTION": "Valid",
            "CONCEPT_ID": 435216,
            "STANDARD_CONCEPT": "S",
            "CONCEPT_CODE": "420868002",
            "VOCABULARY_ID": "SNOMED",
            "CONCEPT_NAME": "Disorder due to type 1 diabetes mellitus",
            "DOMAIN_ID": "Condition",
            "STANDARD_CONCEPT_CAPTION": "Standard",
            "CONCEPT_CLASS_ID": "Clinical Finding",
            "INVALID_REASON": "V"
          },
          "includeMapped": false,
          "includeDescendants": true
        },
        {
          "isExcluded": false,
          "concept": {
            "INVALID_REASON_CAPTION": "Valid",
            "CONCEPT_ID": 443732,
            "STANDARD_CONCEPT": "S",
            "CONCEPT_CODE": "422014003",
            "VOCABULARY_ID": "SNOMED",
            "CONCEPT_NAME": "Disorder due to type 2 diabetes mellitus",
            "DOMAIN_ID": "Condition",
            "STANDARD_CONCEPT_CAPTION": "Standard",
            "CONCEPT_CLASS_ID": "Clinical Finding",
            "INVALID_REASON": "V"
          },
          "includeMapped": false,
          "includeDescendants": true
        },
        {
          "isExcluded": false,
          "concept": {
            "INVALID_REASON_CAPTION": "Valid",
            "CONCEPT_ID": 439770,
            "STANDARD_CONCEPT": "S",
            "CONCEPT_CODE": "420270002",
            "VOCABULARY_ID": "SNOMED",
            "CONCEPT_NAME": "Ketoacidosis in type 1 diabetes mellitus",
            "DOMAIN_ID": "Condition",
            "STANDARD_CONCEPT_CAPTION": "Standard",
            "CONCEPT_CLASS_ID": "Clinical Finding",
            "INVALID_REASON": "V"
          },
          "includeMapped": false,
          "includeDescendants": true
        },
        {
          "isExcluded": false,
          "concept": {
            "INVALID_REASON_CAPTION": "Valid",
            "CONCEPT_ID": 443734,
            "STANDARD_CONCEPT": "S",
            "CONCEPT_CODE": "421750000",
            "VOCABULARY_ID": "SNOMED",
            "CONCEPT_NAME": "Ketoacidosis in type 2 diabetes mellitus",
            "DOMAIN_ID": "Condition",
            "STANDARD_CONCEPT_CAPTION": "Standard",
            "CONCEPT_CLASS_ID": "Clinical Finding",
            "INVALID_REASON": "V"
          },
          "includeMapped": false,
          "includeDescendants": true
        },
        {
          "isExcluded": false,
          "concept": {
            "INVALID_REASON_CAPTION": "Valid",
            "CONCEPT_ID": 4327944,
            "STANDARD_CONCEPT": "S",
            "CONCEPT_CODE": "75524006",
            "VOCABULARY_ID": "SNOMED",
            "CONCEPT_NAME": "Malnutrition related diabetes mellitus",
            "DOMAIN_ID": "Condition",
            "STANDARD_CONCEPT_CAPTION": "Standard",
            "CONCEPT_CLASS_ID": "Clinical Finding",
            "INVALID_REASON": "V"
          },
          "includeMapped": false,
          "includeDescendants": true
        },
        {
          "isExcluded": false,
          "concept": {
            "INVALID_REASON_CAPTION": "Valid",
            "CONCEPT_ID": 4096041,
            "STANDARD_CONCEPT": "S",
            "CONCEPT_CODE": "190406000",
            "VOCABULARY_ID": "SNOMED",
            "CONCEPT_NAME": "Malnutrition-related diabetes mellitus with ketoacidosis",
            "DOMAIN_ID": "Condition",
            "STANDARD_CONCEPT_CAPTION": "Standard",
            "CONCEPT_CLASS_ID": "Clinical Finding",
            "INVALID_REASON": "V"
          },
          "includeMapped": false,
          "includeDescendants": true
        },
        {
          "isExcluded": false,
          "concept": {
            "INVALID_REASON_CAPTION": "Valid",
            "CONCEPT_ID": 4096670,
            "STANDARD_CONCEPT": "S",
            "CONCEPT_CODE": "190407009",
            "VOCABULARY_ID": "SNOMED",
            "CONCEPT_NAME": "Malnutrition-related diabetes mellitus with renal complications",
            "DOMAIN_ID": "Condition",
            "STANDARD_CONCEPT_CAPTION": "Standard",
            "CONCEPT_CLASS_ID": "Clinical Finding",
            "INVALID_REASON": "V"
          },
          "includeMapped": false,
          "includeDescendants": true
        },
        {
          "isExcluded": false,
          "concept": {
            "INVALID_REASON_CAPTION": "Valid",
            "CONCEPT_ID": 4096042,
            "STANDARD_CONCEPT": "S",
            "CONCEPT_CODE": "190412005",
            "VOCABULARY_ID": "SNOMED",
            "CONCEPT_NAME": "Malnutrition-related diabetes mellitus without complications",
            "DOMAIN_ID": "Condition",
            "STANDARD_CONCEPT_CAPTION": "Standard",
            "CONCEPT_CLASS_ID": "Clinical Finding",
            "INVALID_REASON": "V"
          },
          "includeMapped": false,
          "includeDescendants": true
        },
        {
          "isExcluded": false,
          "concept": {
            "INVALID_REASON_CAPTION": "Valid",
            "CONCEPT_ID": 40480000,
            "STANDARD_CONCEPT": "S",
            "CONCEPT_CODE": "441628001",
            "VOCABULARY_ID": "SNOMED",
            "CONCEPT_NAME": "Multiple complications due to diabetes mellitus",
            "DOMAIN_ID": "Condition",
            "STANDARD_CONCEPT_CAPTION": "Standard",
            "CONCEPT_CLASS_ID": "Clinical Finding",
            "INVALID_REASON": "V"
          },
          "includeMapped": false,
          "includeDescendants": true
        },
        {
          "isExcluded": false,
          "concept": {
            "INVALID_REASON_CAPTION": "Valid",
            "CONCEPT_ID": 443730,
            "STANDARD_CONCEPT": "S",
            "CONCEPT_CODE": "422088007",
            "VOCABULARY_ID": "SNOMED",
            "CONCEPT_NAME": "Neurologic disorder associated with diabetes mellitus",
            "DOMAIN_ID": "Condition",
            "STANDARD_CONCEPT_CAPTION": "Standard",
            "CONCEPT_CLASS_ID": "Clinical Finding",
            "INVALID_REASON": "V"
          },
          "includeMapped": false,
          "includeDescendants": true
        },
        {
          "isExcluded": false,
          "concept": {
            "INVALID_REASON_CAPTION": "Valid",
            "CONCEPT_ID": 376065,
            "STANDARD_CONCEPT": "S",
            "CONCEPT_CODE": "421326000",
            "VOCABULARY_ID": "SNOMED",
            "CONCEPT_NAME": "Neurologic disorder associated with type 2 diabetes mellitus",
            "DOMAIN_ID": "Condition",
            "STANDARD_CONCEPT_CAPTION": "Standard",
            "CONCEPT_CLASS_ID": "Clinical Finding",
            "INVALID_REASON": "V"
          },
          "includeMapped": false,
          "includeDescendants": true
        },
        {
          "isExcluded": false,
          "concept": {
            "INVALID_REASON_CAPTION": "Valid",
            "CONCEPT_ID": 4224879,
            "STANDARD_CONCEPT": "S",
            "CONCEPT_CODE": "420683009",
            "VOCABULARY_ID": "SNOMED",
            "CONCEPT_NAME": "Neurological disorder associated with malnutrition-related diabetes mellitus",
            "DOMAIN_ID": "Condition",
            "STANDARD_CONCEPT_CAPTION": "Standard",
            "CONCEPT_CLASS_ID": "Clinical Finding",
            "INVALID_REASON": "V"
          },
          "includeMapped": false,
          "includeDescendants": true
        },
        {
          "isExcluded": false,
          "concept": {
            "INVALID_REASON_CAPTION": "Valid",
            "CONCEPT_ID": 377821,
            "STANDARD_CONCEPT": "S",
            "CONCEPT_CODE": "421468001",
            "VOCABULARY_ID": "SNOMED",
            "CONCEPT_NAME": "Neurological disorder associated with type 1 diabetes mellitus",
            "DOMAIN_ID": "Condition",
            "STANDARD_CONCEPT_CAPTION": "Standard",
            "CONCEPT_CLASS_ID": "Clinical Finding",
            "INVALID_REASON": "V"
          },
          "includeMapped": false,
          "includeDescendants": true
        },
        {
          "isExcluded": false,
          "concept": {
            "INVALID_REASON_CAPTION": "Valid",
            "CONCEPT_ID": 321822,
            "STANDARD_CONCEPT": "S",
            "CONCEPT_CODE": "421895002",
            "VOCABULARY_ID": "SNOMED",
            "CONCEPT_NAME": "Peripheral circulatory disorder associated with diabetes mellitus",
            "DOMAIN_ID": "Condition",
            "STANDARD_CONCEPT_CAPTION": "Standard",
            "CONCEPT_CLASS_ID": "Clinical Finding",
            "INVALID_REASON": "V"
          },
          "includeMapped": false,
          "includeDescendants": true
        },
        {
          "isExcluded": false,
          "concept": {
            "INVALID_REASON_CAPTION": "Valid",
            "CONCEPT_ID": 318712,
            "STANDARD_CONCEPT": "S",
            "CONCEPT_CODE": "421365002",
            "VOCABULARY_ID": "SNOMED",
            "CONCEPT_NAME": "Peripheral circulatory disorder associated with type 1 diabetes mellitus",
            "DOMAIN_ID": "Condition",
            "STANDARD_CONCEPT_CAPTION": "Standard",
            "CONCEPT_CLASS_ID": "Clinical Finding",
            "INVALID_REASON": "V"
          },
          "includeMapped": false,
          "includeDescendants": true
        },
        {
          "isExcluded": false,
          "concept": {
            "INVALID_REASON_CAPTION": "Valid",
            "CONCEPT_ID": 443729,
            "STANDARD_CONCEPT": "S",
            "CONCEPT_CODE": "422166005",
            "VOCABULARY_ID": "SNOMED",
            "CONCEPT_NAME": "Peripheral circulatory disorder associated with type 2 diabetes mellitus",
            "DOMAIN_ID": "Condition",
            "STANDARD_CONCEPT_CAPTION": "Standard",
            "CONCEPT_CLASS_ID": "Clinical Finding",
            "INVALID_REASON": "V"
          },
          "includeMapped": false,
          "includeDescendants": true
        },
        {
          "isExcluded": false,
          "concept": {
            "INVALID_REASON_CAPTION": "Valid",
            "CONCEPT_ID": 43531007,
            "STANDARD_CONCEPT": "S",
            "CONCEPT_CODE": "609563008",
            "VOCABULARY_ID": "SNOMED",
            "CONCEPT_NAME": "Pre-existing diabetes mellitus in pregnancy",
            "DOMAIN_ID": "Condition",
            "STANDARD_CONCEPT_CAPTION": "Standard",
            "CONCEPT_CLASS_ID": "Clinical Finding",
            "INVALID_REASON": "V"
          },
          "includeMapped": false,
          "includeDescendants": true
        },
        {
          "isExcluded": false,
          "concept": {
            "INVALID_REASON_CAPTION": "Valid",
            "CONCEPT_ID": 4063042,
            "STANDARD_CONCEPT": "S",
            "CONCEPT_CODE": "199229001",
            "VOCABULARY_ID": "SNOMED",
            "CONCEPT_NAME": "Pre-existing type 1 diabetes mellitus",
            "DOMAIN_ID": "Condition",
            "STANDARD_CONCEPT_CAPTION": "Standard",
            "CONCEPT_CLASS_ID": "Clinical Finding",
            "INVALID_REASON": "V"
          },
          "includeMapped": false,
          "includeDescendants": true
        },
        {
          "isExcluded": false,
          "concept": {
            "INVALID_REASON_CAPTION": "Valid",
            "CONCEPT_ID": 4063043,
            "STANDARD_CONCEPT": "S",
            "CONCEPT_CODE": "199230006",
            "VOCABULARY_ID": "SNOMED",
            "CONCEPT_NAME": "Pre-existing type 2 diabetes mellitus",
            "DOMAIN_ID": "Condition",
            "STANDARD_CONCEPT_CAPTION": "Standard",
            "CONCEPT_CLASS_ID": "Clinical Finding",
            "INVALID_REASON": "V"
          },
          "includeMapped": false,
          "includeDescendants": true
        },
        {
          "isExcluded": false,
          "concept": {
            "INVALID_REASON_CAPTION": "Valid",
            "CONCEPT_ID": 200687,
            "STANDARD_CONCEPT": "S",
            "CONCEPT_CODE": "421893009",
            "VOCABULARY_ID": "SNOMED",
            "CONCEPT_NAME": "Renal disorder associated with type 1 diabetes mellitus",
            "DOMAIN_ID": "Condition",
            "STANDARD_CONCEPT_CAPTION": "Standard",
            "CONCEPT_CLASS_ID": "Clinical Finding",
            "INVALID_REASON": "V"
          },
          "includeMapped": false,
          "includeDescendants": true
        },
        {
          "isExcluded": false,
          "concept": {
            "INVALID_REASON_CAPTION": "Valid",
            "CONCEPT_ID": 443731,
            "STANDARD_CONCEPT": "S",
            "CONCEPT_CODE": "420279001",
            "VOCABULARY_ID": "SNOMED",
            "CONCEPT_NAME": "Renal disorder due to type 2 diabetes mellitus",
            "DOMAIN_ID": "Condition",
            "STANDARD_CONCEPT_CAPTION": "Standard",
            "CONCEPT_CLASS_ID": "Clinical Finding",
            "INVALID_REASON": "V"
          },
          "includeMapped": false,
          "includeDescendants": true
        },
        {
          "isExcluded": false,
          "concept": {
            "INVALID_REASON_CAPTION": "Valid",
            "CONCEPT_ID": 201254,
            "STANDARD_CONCEPT": "S",
            "CONCEPT_CODE": "46635009",
            "VOCABULARY_ID": "SNOMED",
            "CONCEPT_NAME": "Type 1 diabetes mellitus",
            "DOMAIN_ID": "Condition",
            "STANDARD_CONCEPT_CAPTION": "Standard",
            "CONCEPT_CLASS_ID": "Clinical Finding",
            "INVALID_REASON": "V"
          },
          "includeMapped": false,
          "includeDescendants": true
        },
        {
          "isExcluded": false,
          "concept": {
            "INVALID_REASON_CAPTION": "Valid",
            "CONCEPT_ID": 443412,
            "STANDARD_CONCEPT": "S",
            "CONCEPT_CODE": "313435000",
            "VOCABULARY_ID": "SNOMED",
            "CONCEPT_NAME": "Type 1 diabetes mellitus without complication",
            "DOMAIN_ID": "Condition",
            "STANDARD_CONCEPT_CAPTION": "Standard",
            "CONCEPT_CLASS_ID": "Clinical Finding",
            "INVALID_REASON": "V"
          },
          "includeMapped": false,
          "includeDescendants": true
        },
        {
          "isExcluded": false,
          "concept": {
            "INVALID_REASON_CAPTION": "Valid",
            "CONCEPT_ID": 201826,
            "STANDARD_CONCEPT": "S",
            "CONCEPT_CODE": "44054006",
            "VOCABULARY_ID": "SNOMED",
            "CONCEPT_NAME": "Type 2 diabetes mellitus",
            "DOMAIN_ID": "Condition",
            "STANDARD_CONCEPT_CAPTION": "Standard",
            "CONCEPT_CLASS_ID": "Clinical Finding",
            "INVALID_REASON": "V"
          },
          "includeMapped": false,
          "includeDescendants": true
        },
        {
          "isExcluded": false,
          "concept": {
            "INVALID_REASON_CAPTION": "Valid",
            "CONCEPT_ID": 4193704,
            "STANDARD_CONCEPT": "S",
            "CONCEPT_CODE": "313436004",
            "VOCABULARY_ID": "SNOMED",
            "CONCEPT_NAME": "Type 2 diabetes mellitus without complication",
            "DOMAIN_ID": "Condition",
            "STANDARD_CONCEPT_CAPTION": "Standard",
            "CONCEPT_CLASS_ID": "Clinical Finding",
            "INVALID_REASON": "V"
          },
          "includeMapped": false,
          "includeDescendants": true
        }
      ]},
      "name": "DM ssi ",
      "id": 1
    },
    {
      "expression": {"items": [{
        "isExcluded": false,
        "concept": {
          "INVALID_REASON_CAPTION": "Valid",
          "CONCEPT_ID": 443392,
          "STANDARD_CONCEPT": "S",
          "CONCEPT_CODE": "363346000",
          "VOCABULARY_ID": "SNOMED",
          "CONCEPT_NAME": "Malignant neoplastic disease",
          "DOMAIN_ID": "Condition",
          "STANDARD_CONCEPT_CAPTION": "Standard",
          "CONCEPT_CLASS_ID": "Clinical Finding",
          "INVALID_REASON": "V"
        },
        "includeMapped": false,
        "includeDescendants": true
      }]},
      "name": "malignant neoplasm ssi ",
      "id": 3
    },
    {
      "expression": {"items": [
        {
          "isExcluded": false,
          "concept": {
            "INVALID_REASON_CAPTION": "Valid",
            "CONCEPT_ID": 1516976,
            "STANDARD_CONCEPT": "S",
            "CONCEPT_CODE": "139825",
            "VOCABULARY_ID": "RxNorm",
            "CONCEPT_NAME": "insulin detemir",
            "DOMAIN_ID": "Drug",
            "STANDARD_CONCEPT_CAPTION": "Standard",
            "CONCEPT_CLASS_ID": "Ingredient",
            "INVALID_REASON": "V"
          },
          "includeMapped": false,
          "includeDescendants": true
        },
        {
          "isExcluded": false,
          "concept": {
            "INVALID_REASON_CAPTION": "Valid",
            "CONCEPT_ID": 1502905,
            "STANDARD_CONCEPT": "S",
            "CONCEPT_CODE": "274783",
            "VOCABULARY_ID": "RxNorm",
            "CONCEPT_NAME": "Insulin Glargine",
            "DOMAIN_ID": "Drug",
            "STANDARD_CONCEPT_CAPTION": "Standard",
            "CONCEPT_CLASS_ID": "Ingredient",
            "INVALID_REASON": "V"
          },
          "includeMapped": false,
          "includeDescendants": true
        },
        {
          "isExcluded": false,
          "concept": {
            "INVALID_REASON_CAPTION": "Valid",
            "CONCEPT_ID": 1550023,
            "STANDARD_CONCEPT": "S",
            "CONCEPT_CODE": "86009",
            "VOCABULARY_ID": "RxNorm",
            "CONCEPT_NAME": "Insulin Lispro",
            "DOMAIN_ID": "Drug",
            "STANDARD_CONCEPT_CAPTION": "Standard",
            "CONCEPT_CLASS_ID": "Ingredient",
            "INVALID_REASON": "V"
          },
          "includeMapped": false,
          "includeDescendants": true
        },
        {
          "isExcluded": false,
          "concept": {
            "INVALID_REASON_CAPTION": "Valid",
            "CONCEPT_ID": 1531601,
            "STANDARD_CONCEPT": "S",
            "CONCEPT_CODE": "352385",
            "VOCABULARY_ID": "RxNorm",
            "CONCEPT_NAME": "Insulin, Aspart Protamine, Human",
            "DOMAIN_ID": "Drug",
            "STANDARD_CONCEPT_CAPTION": "Standard",
            "CONCEPT_CLASS_ID": "Ingredient",
            "INVALID_REASON": "V"
          },
          "includeMapped": false,
          "includeDescendants": true
        },
        {
          "isExcluded": false,
          "concept": {
            "INVALID_REASON_CAPTION": "Valid",
            "CONCEPT_ID": 1567198,
            "STANDARD_CONCEPT": "S",
            "CONCEPT_CODE": "51428",
            "VOCABULARY_ID": "RxNorm",
            "CONCEPT_NAME": "Insulin, Aspart, Human",
            "DOMAIN_ID": "Drug",
            "STANDARD_CONCEPT_CAPTION": "Standard",
            "CONCEPT_CLASS_ID": "Ingredient",
            "INVALID_REASON": "V"
          },
          "includeMapped": false,
          "includeDescendants": true
        },
        {
          "isExcluded": false,
          "concept": {
            "INVALID_REASON_CAPTION": "Valid",
            "CONCEPT_ID": 1544838,
            "STANDARD_CONCEPT": "S",
            "CONCEPT_CODE": "400008",
            "VOCABULARY_ID": "RxNorm",
            "CONCEPT_NAME": "Insulin, Glulisine, Human",
            "DOMAIN_ID": "Drug",
            "STANDARD_CONCEPT_CAPTION": "Standard",
            "CONCEPT_CLASS_ID": "Ingredient",
            "INVALID_REASON": "V"
          },
          "includeMapped": false,
          "includeDescendants": true
        },
        {
          "isExcluded": false,
          "concept": {
            "INVALID_REASON_CAPTION": "Valid",
            "CONCEPT_ID": 46221581,
            "STANDARD_CONCEPT": "S",
            "CONCEPT_CODE": "1605101",
            "VOCABULARY_ID": "RxNorm",
            "CONCEPT_NAME": "insulin, isophane",
            "DOMAIN_ID": "Drug",
            "STANDARD_CONCEPT_CAPTION": "Standard",
            "CONCEPT_CLASS_ID": "Ingredient",
            "INVALID_REASON": "V"
          },
          "includeMapped": false,
          "includeDescendants": true
        },
        {
          "isExcluded": false,
          "concept": {
            "INVALID_REASON_CAPTION": "Valid",
            "CONCEPT_ID": 1513876,
            "STANDARD_CONCEPT": "S",
            "CONCEPT_CODE": "314684",
            "VOCABULARY_ID": "RxNorm",
            "CONCEPT_NAME": "Insulin, Protamine Lispro, Human",
            "DOMAIN_ID": "Drug",
            "STANDARD_CONCEPT_CAPTION": "Standard",
            "CONCEPT_CLASS_ID": "Ingredient",
            "INVALID_REASON": "V"
          },
          "includeMapped": false,
          "includeDescendants": true
        },
        {
          "isExcluded": false,
          "concept": {
            "INVALID_REASON_CAPTION": "Valid",
            "CONCEPT_ID": 19013951,
            "STANDARD_CONCEPT": "S",
            "CONCEPT_CODE": "314686",
            "VOCABULARY_ID": "RxNorm",
            "CONCEPT_NAME": "Insulin, Regular, Beef",
            "DOMAIN_ID": "Drug",
            "STANDARD_CONCEPT_CAPTION": "Standard",
            "CONCEPT_CLASS_ID": "Ingredient",
            "INVALID_REASON": "V"
          },
          "includeMapped": false,
          "includeDescendants": true
        },
        {
          "isExcluded": false,
          "concept": {
            "INVALID_REASON_CAPTION": "Valid",
            "CONCEPT_ID": 1586346,
            "STANDARD_CONCEPT": "S",
            "CONCEPT_CODE": "221109",
            "VOCABULARY_ID": "RxNorm",
            "CONCEPT_NAME": "Insulin, Regular, Pork",
            "DOMAIN_ID": "Drug",
            "STANDARD_CONCEPT_CAPTION": "Standard",
            "CONCEPT_CLASS_ID": "Ingredient",
            "INVALID_REASON": "V"
          },
          "includeMapped": false,
          "includeDescendants": true
        },
        {
          "isExcluded": false,
          "concept": {
            "INVALID_REASON_CAPTION": "Valid",
            "CONCEPT_ID": 1503297,
            "STANDARD_CONCEPT": "S",
            "CONCEPT_CODE": "6809",
            "VOCABULARY_ID": "RxNorm",
            "CONCEPT_NAME": "Metformin",
            "DOMAIN_ID": "Drug",
            "STANDARD_CONCEPT_CAPTION": "Standard",
            "CONCEPT_CLASS_ID": "Ingredient",
            "INVALID_REASON": "V"
          },
          "includeMapped": false,
          "includeDescendants": true
        },
        {
          "isExcluded": false,
          "concept": {
            "INVALID_REASON_CAPTION": "Valid",
            "CONCEPT_ID": 4336036,
            "STANDARD_CONCEPT": "C",
            "CONCEPT_CODE": "HS502",
            "VOCABULARY_ID": "VA Class",
            "CONCEPT_NAME": "ORAL HYPOGLYCEMIC AGENTS,ORAL",
            "DOMAIN_ID": "Drug",
            "STANDARD_CONCEPT_CAPTION": "Classification",
            "CONCEPT_CLASS_ID": "VA Class",
            "INVALID_REASON": "V"
          },
          "includeMapped": false,
          "includeDescendants": true
        },
        {
          "isExcluded": false,
          "concept": {
            "INVALID_REASON_CAPTION": "Valid",
            "CONCEPT_ID": 1596977,
            "STANDARD_CONCEPT": "S",
            "CONCEPT_CODE": "253182",
            "VOCABULARY_ID": "RxNorm",
            "CONCEPT_NAME": "Regular Insulin, Human",
            "DOMAIN_ID": "Drug",
            "STANDARD_CONCEPT_CAPTION": "Standard",
            "CONCEPT_CLASS_ID": "Ingredient",
            "INVALID_REASON": "V"
          },
          "includeMapped": false,
          "includeDescendants": true
        }
      ]},
      "name": "insulin otherDM OHA metformin ssi ",
      "id": 6
    },
    {
      "expression": {"items": [
        {
          "isExcluded": false,
          "concept": {
            "INVALID_REASON_CAPTION": "Valid",
            "CONCEPT_ID": 1529331,
            "STANDARD_CONCEPT": "S",
            "CONCEPT_CODE": "16681",
            "VOCABULARY_ID": "RxNorm",
            "CONCEPT_NAME": "Acarbose",
            "DOMAIN_ID": "Drug",
            "STANDARD_CONCEPT_CAPTION": "Standard",
            "CONCEPT_CLASS_ID": "Ingredient",
            "INVALID_REASON": "V"
          },
          "includeMapped": false,
          "includeDescendants": true
        },
        {
          "isExcluded": false,
          "concept": {
            "INVALID_REASON_CAPTION": "Valid",
            "CONCEPT_ID": 1530014,
            "STANDARD_CONCEPT": "S",
            "CONCEPT_CODE": "173",
            "VOCABULARY_ID": "RxNorm",
            "CONCEPT_NAME": "Acetohexamide",
            "DOMAIN_ID": "Drug",
            "STANDARD_CONCEPT_CAPTION": "Standard",
            "CONCEPT_CLASS_ID": "Ingredient",
            "INVALID_REASON": "V"
          },
          "includeMapped": false,
          "includeDescendants": true
        },
        {
          "isExcluded": false,
          "concept": {
            "INVALID_REASON_CAPTION": "Valid",
            "CONCEPT_ID": 43013884,
            "STANDARD_CONCEPT": "S",
            "CONCEPT_CODE": "1368001",
            "VOCABULARY_ID": "RxNorm",
            "CONCEPT_NAME": "alogliptin",
            "DOMAIN_ID": "Drug",
            "STANDARD_CONCEPT_CAPTION": "Standard",
            "CONCEPT_CLASS_ID": "Ingredient",
            "INVALID_REASON": "V"
          },
          "includeMapped": false,
          "includeDescendants": true
        },
        {
          "isExcluded": false,
          "concept": {
            "INVALID_REASON_CAPTION": "Valid",
            "CONCEPT_ID": 43526465,
            "STANDARD_CONCEPT": "S",
            "CONCEPT_CODE": "1373458",
            "VOCABULARY_ID": "RxNorm",
            "CONCEPT_NAME": "canagliflozin",
            "DOMAIN_ID": "Drug",
            "STANDARD_CONCEPT_CAPTION": "Standard",
            "CONCEPT_CLASS_ID": "Ingredient",
            "INVALID_REASON": "V"
          },
          "includeMapped": false,
          "includeDescendants": true
        },
        {
          "isExcluded": false,
          "concept": {
            "INVALID_REASON_CAPTION": "Valid",
            "CONCEPT_ID": 19033498,
            "STANDARD_CONCEPT": "S",
            "CONCEPT_CODE": "2068",
            "VOCABULARY_ID": "RxNorm",
            "CONCEPT_NAME": "Carbutamide",
            "DOMAIN_ID": "Drug",
            "STANDARD_CONCEPT_CAPTION": "Standard",
            "CONCEPT_CLASS_ID": "Ingredient",
            "INVALID_REASON": "V"
          },
          "includeMapped": false,
          "includeDescendants": true
        },
        {
          "isExcluded": false,
          "concept": {
            "INVALID_REASON_CAPTION": "Valid",
            "CONCEPT_ID": 1594973,
            "STANDARD_CONCEPT": "S",
            "CONCEPT_CODE": "2404",
            "VOCABULARY_ID": "RxNorm",
            "CONCEPT_NAME": "Chlorpropamide",
            "DOMAIN_ID": "Drug",
            "STANDARD_CONCEPT_CAPTION": "Standard",
            "CONCEPT_CLASS_ID": "Ingredient",
            "INVALID_REASON": "V"
          },
          "includeMapped": false,
          "includeDescendants": true
        },
        {
          "isExcluded": false,
          "concept": {
            "INVALID_REASON_CAPTION": "Valid",
            "CONCEPT_ID": 44785829,
            "STANDARD_CONCEPT": "S",
            "CONCEPT_CODE": "1488564",
            "VOCABULARY_ID": "RxNorm",
            "CONCEPT_NAME": "dapagliflozin",
            "DOMAIN_ID": "Drug",
            "STANDARD_CONCEPT_CAPTION": "Standard",
            "CONCEPT_CLASS_ID": "Ingredient",
            "INVALID_REASON": "V"
          },
          "includeMapped": false,
          "includeDescendants": true
        },
        {
          "isExcluded": false,
          "concept": {
            "INVALID_REASON_CAPTION": "Valid",
            "CONCEPT_ID": 45774435,
            "STANDARD_CONCEPT": "S",
            "CONCEPT_CODE": "1551291",
            "VOCABULARY_ID": "RxNorm",
            "CONCEPT_NAME": "dulaglutide",
            "DOMAIN_ID": "Drug",
            "STANDARD_CONCEPT_CAPTION": "Standard",
            "CONCEPT_CLASS_ID": "Ingredient",
            "INVALID_REASON": "V"
          },
          "includeMapped": false,
          "includeDescendants": true
        },
        {
          "isExcluded": false,
          "concept": {
            "INVALID_REASON_CAPTION": "Valid",
            "CONCEPT_ID": 45774751,
            "STANDARD_CONCEPT": "S",
            "CONCEPT_CODE": "1545653",
            "VOCABULARY_ID": "RxNorm",
            "CONCEPT_NAME": "empagliflozin",
            "DOMAIN_ID": "Drug",
            "STANDARD_CONCEPT_CAPTION": "Standard",
            "CONCEPT_CLASS_ID": "Ingredient",
            "INVALID_REASON": "V"
          },
          "includeMapped": false,
          "includeDescendants": true
        },
        {
          "isExcluded": false,
          "concept": {
            "INVALID_REASON_CAPTION": "Valid",
            "CONCEPT_ID": 1583722,
            "STANDARD_CONCEPT": "S",
            "CONCEPT_CODE": "60548",
            "VOCABULARY_ID": "RxNorm",
            "CONCEPT_NAME": "exenatide",
            "DOMAIN_ID": "Drug",
            "STANDARD_CONCEPT_CAPTION": "Standard",
            "CONCEPT_CLASS_ID": "Ingredient",
            "INVALID_REASON": "V"
          },
          "includeMapped": false,
          "includeDescendants": true
        },
        {
          "isExcluded": false,
          "concept": {
            "INVALID_REASON_CAPTION": "Valid",
            "CONCEPT_ID": 19001409,
            "STANDARD_CONCEPT": "S",
            "CONCEPT_CODE": "102846",
            "VOCABULARY_ID": "RxNorm",
            "CONCEPT_NAME": "glibornuride",
            "DOMAIN_ID": "Drug",
            "STANDARD_CONCEPT_CAPTION": "Standard",
            "CONCEPT_CLASS_ID": "Ingredient",
            "INVALID_REASON": "V"
          },
          "includeMapped": false,
          "includeDescendants": true
        },
        {
          "isExcluded": false,
          "concept": {
            "INVALID_REASON_CAPTION": "Valid",
            "CONCEPT_ID": 19059796,
            "STANDARD_CONCEPT": "S",
            "CONCEPT_CODE": "4816",
            "VOCABULARY_ID": "RxNorm",
            "CONCEPT_NAME": "Gliclazide",
            "DOMAIN_ID": "Drug",
            "STANDARD_CONCEPT_CAPTION": "Standard",
            "CONCEPT_CLASS_ID": "Ingredient",
            "INVALID_REASON": "V"
          },
          "includeMapped": false,
          "includeDescendants": true
        },
        {
          "isExcluded": false,
          "concept": {
            "INVALID_REASON_CAPTION": "Valid",
            "CONCEPT_ID": 1597756,
            "STANDARD_CONCEPT": "S",
            "CONCEPT_CODE": "25789",
            "VOCABULARY_ID": "RxNorm",
            "CONCEPT_NAME": "glimepiride",
            "DOMAIN_ID": "Drug",
            "STANDARD_CONCEPT_CAPTION": "Standard",
            "CONCEPT_CLASS_ID": "Ingredient",
            "INVALID_REASON": "V"
          },
          "includeMapped": false,
          "includeDescendants": true
        },
        {
          "isExcluded": false,
          "concept": {
            "INVALID_REASON_CAPTION": "Valid",
            "CONCEPT_ID": 19097821,
            "STANDARD_CONCEPT": "S",
            "CONCEPT_CODE": "25793",
            "VOCABULARY_ID": "RxNorm",
            "CONCEPT_NAME": "gliquidone",
            "DOMAIN_ID": "Drug",
            "STANDARD_CONCEPT_CAPTION": "Standard",
            "CONCEPT_CLASS_ID": "Ingredient",
            "INVALID_REASON": "V"
          },
          "includeMapped": false,
          "includeDescendants": true
        },
        {
          "isExcluded": false,
          "concept": {
            "INVALID_REASON_CAPTION": "Valid",
            "CONCEPT_ID": 35602717,
            "STANDARD_CONCEPT": "S",
            "CONCEPT_CODE": "1670007",
            "VOCABULARY_ID": "RxNorm",
            "CONCEPT_NAME": "insulin degludec",
            "DOMAIN_ID": "Drug",
            "STANDARD_CONCEPT_CAPTION": "Standard",
            "CONCEPT_CLASS_ID": "Ingredient",
            "INVALID_REASON": "V"
          },
          "includeMapped": false,
          "includeDescendants": true
        },
        {
          "isExcluded": false,
          "concept": {
            "INVALID_REASON_CAPTION": "Valid",
            "CONCEPT_ID": 1516976,
            "STANDARD_CONCEPT": "S",
            "CONCEPT_CODE": "139825",
            "VOCABULARY_ID": "RxNorm",
            "CONCEPT_NAME": "insulin detemir",
            "DOMAIN_ID": "Drug",
            "STANDARD_CONCEPT_CAPTION": "Standard",
            "CONCEPT_CLASS_ID": "Ingredient",
            "INVALID_REASON": "V"
          },
          "includeMapped": false,
          "includeDescendants": true
        },
        {
          "isExcluded": false,
          "concept": {
            "INVALID_REASON_CAPTION": "Valid",
            "CONCEPT_ID": 1502905,
            "STANDARD_CONCEPT": "S",
            "CONCEPT_CODE": "274783",
            "VOCABULARY_ID": "RxNorm",
            "CONCEPT_NAME": "Insulin Glargine",
            "DOMAIN_ID": "Drug",
            "STANDARD_CONCEPT_CAPTION": "Standard",
            "CONCEPT_CLASS_ID": "Ingredient",
            "INVALID_REASON": "V"
          },
          "includeMapped": false,
          "includeDescendants": true
        },
        {
          "isExcluded": false,
          "concept": {
            "INVALID_REASON_CAPTION": "Valid",
            "CONCEPT_ID": 1550023,
            "STANDARD_CONCEPT": "S",
            "CONCEPT_CODE": "86009",
            "VOCABULARY_ID": "RxNorm",
            "CONCEPT_NAME": "Insulin Lispro",
            "DOMAIN_ID": "Drug",
            "STANDARD_CONCEPT_CAPTION": "Standard",
            "CONCEPT_CLASS_ID": "Ingredient",
            "INVALID_REASON": "V"
          },
          "includeMapped": false,
          "includeDescendants": true
        },
        {
          "isExcluded": false,
          "concept": {
            "INVALID_REASON_CAPTION": "Valid",
            "CONCEPT_ID": 1567198,
            "STANDARD_CONCEPT": "S",
            "CONCEPT_CODE": "51428",
            "VOCABULARY_ID": "RxNorm",
            "CONCEPT_NAME": "Insulin, Aspart, Human",
            "DOMAIN_ID": "Drug",
            "STANDARD_CONCEPT_CAPTION": "Standard",
            "CONCEPT_CLASS_ID": "Ingredient",
            "INVALID_REASON": "V"
          },
          "includeMapped": false,
          "includeDescendants": true
        },
        {
          "isExcluded": false,
          "concept": {
            "INVALID_REASON_CAPTION": "Valid",
            "CONCEPT_ID": 1544838,
            "STANDARD_CONCEPT": "S",
            "CONCEPT_CODE": "400008",
            "VOCABULARY_ID": "RxNorm",
            "CONCEPT_NAME": "Insulin, Glulisine, Human",
            "DOMAIN_ID": "Drug",
            "STANDARD_CONCEPT_CAPTION": "Standard",
            "CONCEPT_CLASS_ID": "Ingredient",
            "INVALID_REASON": "V"
          },
          "includeMapped": false,
          "includeDescendants": true
        },
        {
          "isExcluded": false,
          "concept": {
            "INVALID_REASON_CAPTION": "Valid",
            "CONCEPT_ID": 46221581,
            "STANDARD_CONCEPT": "S",
            "CONCEPT_CODE": "1605101",
            "VOCABULARY_ID": "RxNorm",
            "CONCEPT_NAME": "insulin, isophane",
            "DOMAIN_ID": "Drug",
            "STANDARD_CONCEPT_CAPTION": "Standard",
            "CONCEPT_CLASS_ID": "Ingredient",
            "INVALID_REASON": "V"
          },
          "includeMapped": false,
          "includeDescendants": true
        },
        {
          "isExcluded": false,
          "concept": {
            "INVALID_REASON_CAPTION": "Valid",
            "CONCEPT_ID": 1586346,
            "STANDARD_CONCEPT": "S",
            "CONCEPT_CODE": "221109",
            "VOCABULARY_ID": "RxNorm",
            "CONCEPT_NAME": "Insulin, Regular, Pork",
            "DOMAIN_ID": "Drug",
            "STANDARD_CONCEPT_CAPTION": "Standard",
            "CONCEPT_CLASS_ID": "Ingredient",
            "INVALID_REASON": "V"
          },
          "includeMapped": false,
          "includeDescendants": true
        },
        {
          "isExcluded": false,
          "concept": {
            "INVALID_REASON_CAPTION": "Valid",
            "CONCEPT_ID": 40170911,
            "STANDARD_CONCEPT": "S",
            "CONCEPT_CODE": "475968",
            "VOCABULARY_ID": "RxNorm",
            "CONCEPT_NAME": "liraglutide",
            "DOMAIN_ID": "Drug",
            "STANDARD_CONCEPT_CAPTION": "Standard",
            "CONCEPT_CLASS_ID": "Ingredient",
            "INVALID_REASON": "V"
          },
          "includeMapped": false,
          "includeDescendants": true
        },
        {
          "isExcluded": false,
          "concept": {
            "INVALID_REASON_CAPTION": "Valid",
            "CONCEPT_ID": 44506754,
            "STANDARD_CONCEPT": "S",
            "CONCEPT_CODE": "1440051",
            "VOCABULARY_ID": "RxNorm",
            "CONCEPT_NAME": "Lixisenatide",
            "DOMAIN_ID": "Drug",
            "STANDARD_CONCEPT_CAPTION": "Standard",
            "CONCEPT_CLASS_ID": "Ingredient",
            "INVALID_REASON": "V"
          },
          "includeMapped": false,
          "includeDescendants": true
        },
        {
          "isExcluded": false,
          "concept": {
            "INVALID_REASON_CAPTION": "Valid",
            "CONCEPT_ID": 1503297,
            "STANDARD_CONCEPT": "S",
            "CONCEPT_CODE": "6809",
            "VOCABULARY_ID": "RxNorm",
            "CONCEPT_NAME": "Metformin",
            "DOMAIN_ID": "Drug",
            "STANDARD_CONCEPT_CAPTION": "Standard",
            "CONCEPT_CLASS_ID": "Ingredient",
            "INVALID_REASON": "V"
          },
          "includeMapped": false,
          "includeDescendants": true
        },
        {
          "isExcluded": false,
          "concept": {
            "INVALID_REASON_CAPTION": "Valid",
            "CONCEPT_ID": 1510202,
            "STANDARD_CONCEPT": "S",
            "CONCEPT_CODE": "30009",
            "VOCABULARY_ID": "RxNorm",
            "CONCEPT_NAME": "miglitol",
            "DOMAIN_ID": "Drug",
            "STANDARD_CONCEPT_CAPTION": "Standard",
            "CONCEPT_CLASS_ID": "Ingredient",
            "INVALID_REASON": "V"
          },
          "includeMapped": false,
          "includeDescendants": true
        },
        {
          "isExcluded": false,
          "concept": {
            "INVALID_REASON_CAPTION": "Valid",
            "CONCEPT_ID": 1502826,
            "STANDARD_CONCEPT": "S",
            "CONCEPT_CODE": "274332",
            "VOCABULARY_ID": "RxNorm",
            "CONCEPT_NAME": "nateglinide",
            "DOMAIN_ID": "Drug",
            "STANDARD_CONCEPT_CAPTION": "Standard",
            "CONCEPT_CLASS_ID": "Ingredient",
            "INVALID_REASON": "V"
          },
          "includeMapped": false,
          "includeDescendants": true
        },
        {
          "isExcluded": false,
          "concept": {
            "INVALID_REASON_CAPTION": "Valid",
            "CONCEPT_ID": 19033909,
            "STANDARD_CONCEPT": "S",
            "CONCEPT_CODE": "8129",
            "VOCABULARY_ID": "RxNorm",
            "CONCEPT_NAME": "Phenformin",
            "DOMAIN_ID": "Drug",
            "STANDARD_CONCEPT_CAPTION": "Standard",
            "CONCEPT_CLASS_ID": "Ingredient",
            "INVALID_REASON": "V"
          },
          "includeMapped": false,
          "includeDescendants": true
        },
        {
          "isExcluded": false,
          "concept": {
            "INVALID_REASON_CAPTION": "Valid",
            "CONCEPT_ID": 1525215,
            "STANDARD_CONCEPT": "S",
            "CONCEPT_CODE": "33738",
            "VOCABULARY_ID": "RxNorm",
            "CONCEPT_NAME": "pioglitazone",
            "DOMAIN_ID": "Drug",
            "STANDARD_CONCEPT_CAPTION": "Standard",
            "CONCEPT_CLASS_ID": "Ingredient",
            "INVALID_REASON": "V"
          },
          "includeMapped": false,
          "includeDescendants": true
        },
        {
          "isExcluded": false,
          "concept": {
            "INVALID_REASON_CAPTION": "Valid",
            "CONCEPT_ID": 1596977,
            "STANDARD_CONCEPT": "S",
            "CONCEPT_CODE": "253182",
            "VOCABULARY_ID": "RxNorm",
            "CONCEPT_NAME": "Regular Insulin, Human",
            "DOMAIN_ID": "Drug",
            "STANDARD_CONCEPT_CAPTION": "Standard",
            "CONCEPT_CLASS_ID": "Ingredient",
            "INVALID_REASON": "V"
          },
          "includeMapped": false,
          "includeDescendants": true
        },
        {
          "isExcluded": false,
          "concept": {
            "INVALID_REASON_CAPTION": "Valid",
            "CONCEPT_ID": 1516766,
            "STANDARD_CONCEPT": "S",
            "CONCEPT_CODE": "73044",
            "VOCABULARY_ID": "RxNorm",
            "CONCEPT_NAME": "repaglinide",
            "DOMAIN_ID": "Drug",
            "STANDARD_CONCEPT_CAPTION": "Standard",
            "CONCEPT_CLASS_ID": "Ingredient",
            "INVALID_REASON": "V"
          },
          "includeMapped": false,
          "includeDescendants": true
        },
        {
          "isExcluded": false,
          "concept": {
            "INVALID_REASON_CAPTION": "Valid",
            "CONCEPT_ID": 1547504,
            "STANDARD_CONCEPT": "S",
            "CONCEPT_CODE": "84108",
            "VOCABULARY_ID": "RxNorm",
            "CONCEPT_NAME": "rosiglitazone",
            "DOMAIN_ID": "Drug",
            "STANDARD_CONCEPT_CAPTION": "Standard",
            "CONCEPT_CLASS_ID": "Ingredient",
            "INVALID_REASON": "V"
          },
          "includeMapped": false,
          "includeDescendants": true
        },
        {
          "isExcluded": false,
          "concept": {
            "INVALID_REASON_CAPTION": "Valid",
            "CONCEPT_ID": 40166035,
            "STANDARD_CONCEPT": "S",
            "CONCEPT_CODE": "857974",
            "VOCABULARY_ID": "RxNorm",
            "CONCEPT_NAME": "saxagliptin",
            "DOMAIN_ID": "Drug",
            "STANDARD_CONCEPT_CAPTION": "Standard",
            "CONCEPT_CLASS_ID": "Ingredient",
            "INVALID_REASON": "V"
          },
          "includeMapped": false,
          "includeDescendants": true
        },
        {
          "isExcluded": true,
          "concept": {
            "INVALID_REASON_CAPTION": "Valid",
            "CONCEPT_ID": 1539403,
            "STANDARD_CONCEPT": "S",
            "CONCEPT_CODE": "36567",
            "VOCABULARY_ID": "RxNorm",
            "CONCEPT_NAME": "Simvastatin",
            "DOMAIN_ID": "Drug",
            "STANDARD_CONCEPT_CAPTION": "Standard",
            "CONCEPT_CLASS_ID": "Ingredient",
            "INVALID_REASON": "V"
          },
          "includeMapped": false,
          "includeDescendants": true
        },
        {
          "isExcluded": false,
          "concept": {
            "INVALID_REASON_CAPTION": "Valid",
            "CONCEPT_ID": 1580747,
            "STANDARD_CONCEPT": "S",
            "CONCEPT_CODE": "593411",
            "VOCABULARY_ID": "RxNorm",
            "CONCEPT_NAME": "sitagliptin",
            "DOMAIN_ID": "Drug",
            "STANDARD_CONCEPT_CAPTION": "Standard",
            "CONCEPT_CLASS_ID": "Ingredient",
            "INVALID_REASON": "V"
          },
          "includeMapped": false,
          "includeDescendants": true
        },
        {
          "isExcluded": false,
          "concept": {
            "INVALID_REASON_CAPTION": "Valid",
            "CONCEPT_ID": 1502809,
            "STANDARD_CONCEPT": "S",
            "CONCEPT_CODE": "10633",
            "VOCABULARY_ID": "RxNorm",
            "CONCEPT_NAME": "Tolazamide",
            "DOMAIN_ID": "Drug",
            "STANDARD_CONCEPT_CAPTION": "Standard",
            "CONCEPT_CLASS_ID": "Ingredient",
            "INVALID_REASON": "V"
          },
          "includeMapped": false,
          "includeDescendants": true
        },
        {
          "isExcluded": false,
          "concept": {
            "INVALID_REASON_CAPTION": "Valid",
            "CONCEPT_ID": 1502855,
            "STANDARD_CONCEPT": "S",
            "CONCEPT_CODE": "10635",
            "VOCABULARY_ID": "RxNorm",
            "CONCEPT_NAME": "Tolbutamide",
            "DOMAIN_ID": "Drug",
            "STANDARD_CONCEPT_CAPTION": "Standard",
            "CONCEPT_CLASS_ID": "Ingredient",
            "INVALID_REASON": "V"
          },
          "includeMapped": false,
          "includeDescendants": true
        },
        {
          "isExcluded": false,
          "concept": {
            "INVALID_REASON_CAPTION": "Valid",
            "CONCEPT_ID": 1515249,
            "STANDARD_CONCEPT": "S",
            "CONCEPT_CODE": "72610",
            "VOCABULARY_ID": "RxNorm",
            "CONCEPT_NAME": "troglitazone",
            "DOMAIN_ID": "Drug",
            "STANDARD_CONCEPT_CAPTION": "Standard",
            "CONCEPT_CLASS_ID": "Ingredient",
            "INVALID_REASON": "V"
          },
          "includeMapped": false,
          "includeDescendants": true
        },
        {
          "isExcluded": false,
          "concept": {
            "INVALID_REASON_CAPTION": "Valid",
            "CONCEPT_ID": 19007693,
            "STANDARD_CONCEPT": "S",
            "CONCEPT_CODE": "11121",
            "VOCABULARY_ID": "RxNorm",
            "CONCEPT_NAME": "Vanadium",
            "DOMAIN_ID": "Drug",
            "STANDARD_CONCEPT_CAPTION": "Standard",
            "CONCEPT_CLASS_ID": "Ingredient",
            "INVALID_REASON": "V"
          },
          "includeMapped": false,
          "includeDescendants": true
        },
        {
          "isExcluded": false,
          "concept": {
            "INVALID_REASON_CAPTION": "Valid",
            "CONCEPT_ID": 19122137,
            "STANDARD_CONCEPT": "S",
            "CONCEPT_CODE": "596554",
            "VOCABULARY_ID": "RxNorm",
            "CONCEPT_NAME": "vildagliptin",
            "DOMAIN_ID": "Drug",
            "STANDARD_CONCEPT_CAPTION": "Standard",
            "CONCEPT_CLASS_ID": "Ingredient",
            "INVALID_REASON": "V"
          },
          "includeMapped": false,
          "includeDescendants": true
        }
      ]},
      "name": "insulin DM med including metformin w.o statin new ssi",
      "id": 10
    },
    {
      "expression": {"items": [
        {
          "isExcluded": false,
          "concept": {
            "INVALID_REASON_CAPTION": "Valid",
            "CONCEPT_ID": 1545958,
            "STANDARD_CONCEPT": "S",
            "CONCEPT_CODE": "83367",
            "VOCABULARY_ID": "RxNorm",
            "CONCEPT_NAME": "atorvastatin",
            "DOMAIN_ID": "Drug",
            "STANDARD_CONCEPT_CAPTION": "Standard",
            "CONCEPT_CLASS_ID": "Ingredient",
            "INVALID_REASON": "V"
          },
          "includeMapped": false,
          "includeDescendants": true
        },
        {
          "isExcluded": false,
          "concept": {
            "INVALID_REASON_CAPTION": "Valid",
            "CONCEPT_ID": 1549686,
            "STANDARD_CONCEPT": "S",
            "CONCEPT_CODE": "41127",
            "VOCABULARY_ID": "RxNorm",
            "CONCEPT_NAME": "fluvastatin",
            "DOMAIN_ID": "Drug",
            "STANDARD_CONCEPT_CAPTION": "Standard",
            "CONCEPT_CLASS_ID": "Ingredient",
            "INVALID_REASON": "V"
          },
          "includeMapped": false,
          "includeDescendants": true
        },
        {
          "isExcluded": false,
          "concept": {
            "INVALID_REASON_CAPTION": "Valid",
            "CONCEPT_ID": 1592085,
            "STANDARD_CONCEPT": "S",
            "CONCEPT_CODE": "6472",
            "VOCABULARY_ID": "RxNorm",
            "CONCEPT_NAME": "Lovastatin",
            "DOMAIN_ID": "Drug",
            "STANDARD_CONCEPT_CAPTION": "Standard",
            "CONCEPT_CLASS_ID": "Ingredient",
            "INVALID_REASON": "V"
          },
          "includeMapped": false,
          "includeDescendants": true
        },
        {
          "isExcluded": false,
          "concept": {
            "INVALID_REASON_CAPTION": "Valid",
            "CONCEPT_ID": 40165636,
            "STANDARD_CONCEPT": "S",
            "CONCEPT_CODE": "861634",
            "VOCABULARY_ID": "RxNorm",
            "CONCEPT_NAME": "pitavastatin",
            "DOMAIN_ID": "Drug",
            "STANDARD_CONCEPT_CAPTION": "Standard",
            "CONCEPT_CLASS_ID": "Ingredient",
            "INVALID_REASON": "V"
          },
          "includeMapped": false,
          "includeDescendants": true
        },
        {
          "isExcluded": false,
          "concept": {
            "INVALID_REASON_CAPTION": "Valid",
            "CONCEPT_ID": 1551860,
            "STANDARD_CONCEPT": "S",
            "CONCEPT_CODE": "42463",
            "VOCABULARY_ID": "RxNorm",
            "CONCEPT_NAME": "Pravastatin",
            "DOMAIN_ID": "Drug",
            "STANDARD_CONCEPT_CAPTION": "Standard",
            "CONCEPT_CLASS_ID": "Ingredient",
            "INVALID_REASON": "V"
          },
          "includeMapped": false,
          "includeDescendants": true
        },
        {
          "isExcluded": false,
          "concept": {
            "INVALID_REASON_CAPTION": "Valid",
            "CONCEPT_ID": 1510813,
            "STANDARD_CONCEPT": "S",
            "CONCEPT_CODE": "301542",
            "VOCABULARY_ID": "RxNorm",
            "CONCEPT_NAME": "rosuvastatin",
            "DOMAIN_ID": "Drug",
            "STANDARD_CONCEPT_CAPTION": "Standard",
            "CONCEPT_CLASS_ID": "Ingredient",
            "INVALID_REASON": "V"
          },
          "includeMapped": false,
          "includeDescendants": true
        },
        {
          "isExcluded": false,
          "concept": {
            "INVALID_REASON_CAPTION": "Valid",
            "CONCEPT_ID": 1539403,
            "STANDARD_CONCEPT": "S",
            "CONCEPT_CODE": "36567",
            "VOCABULARY_ID": "RxNorm",
            "CONCEPT_NAME": "Simvastatin",
            "DOMAIN_ID": "Drug",
            "STANDARD_CONCEPT_CAPTION": "Standard",
            "CONCEPT_CLASS_ID": "Ingredient",
            "INVALID_REASON": "V"
          },
          "includeMapped": false,
          "includeDescendants": true
        }
      ]},
      "name": "statin ssi ",
      "id": 11
    }
  ],
  "EndStrategy": {"CustomEra": {
    "DrugCodesetId": 10,
    "GapDays": 30,
    "Offset": 0
  }},
  "cdmVersionRange": ">=5.0.0",
  "CensoringCriteria": [],
  "AdditionalCriteria": {
    "CriteriaList": [{
      "RestrictVisit": false,
      "StartWindow": {
        "UseEventEnd": false,
        "Start": {
          "Days": 365,
          "Coeff": -1
        },
        "End": {
          "Days": 7,
          "Coeff": 1
        },
        "UseIndexEnd": false
      },
      "IgnoreObservationPeriod": false,
      "EndWindow": null,
      "Criteria": {"ConditionOccurrence": {
        "OccurrenceEndDate": null,
        "CorrelatedCriteria": null,
        "ConditionTypeExclude": false,
        "CodesetId": 1,
        "ProviderSpecialty": null,
        "Gender": null,
        "VisitType": null,
        "First": null,
        "OccurrenceStartDate": null,
        "ConditionType": null,
        "ConditionSourceConcept": null,
        "StopReason": null,
        "Age": null
      }},
      "Occurrence": {
        "Type": 2,
        "IsDistinct": false,
        "Count": 1
      }
    }],
    "Type": "ALL",
    "DemographicCriteriaList": [],
    "Groups": [],
    "Count": null
  },
  "QualifiedLimit": {"Type": "First"},
  "InclusionRules": [
    {
      "expression": {
        "CriteriaList": [{
          "RestrictVisit": false,
          "StartWindow": {
            "UseEventEnd": false,
            "Start": {
              "Days": 1095,
              "Coeff": -1
            },
            "End": {
              "Days": 0,
              "Coeff": 1
            },
            "UseIndexEnd": false
          },
          "IgnoreObservationPeriod": false,
          "EndWindow": null,
          "Criteria": {"ConditionOccurrence": {
            "OccurrenceEndDate": null,
            "CorrelatedCriteria": null,
            "ConditionTypeExclude": false,
            "CodesetId": 3,
            "ProviderSpecialty": null,
            "Gender": null,
            "VisitType": null,
            "First": null,
            "OccurrenceStartDate": null,
            "ConditionType": null,
            "ConditionSourceConcept": null,
            "StopReason": null,
            "Age": null
          }},
          "Occurrence": {
            "Type": 1,
            "IsDistinct": false,
            "Count": 0
          }
        }],
        "Type": "ALL",
        "DemographicCriteriaList": [],
        "Groups": [],
        "Count": null
      },
      "name": "exclude 3 years malignant neoplasm ",
      "description": null
    },
    {
      "expression": {
        "CriteriaList": [{
          "RestrictVisit": false,
          "StartWindow": {
            "UseEventEnd": false,
            "Start": {
              "Days": null,
              "Coeff": -1
            },
            "End": {
              "Days": null,
              "Coeff": 1
            },
            "UseIndexEnd": false
          },
          "IgnoreObservationPeriod": false,
          "EndWindow": null,
          "Criteria": {"DrugExposure": {
            "OccurrenceEndDate": null,
            "CorrelatedCriteria": null,
            "DrugSourceConcept": null,
            "CodesetId": 11,
            "DrugTypeExclude": false,
            "Quantity": null,
            "DrugType": null,
            "ProviderSpecialty": null,
            "EffectiveDrugDose": null,
            "Gender": null,
            "DaysSupply": null,
            "DoseUnit": null,
            "VisitType": null,
            "Refills": null,
            "First": null,
            "OccurrenceStartDate": null,
            "RouteConcept": null,
            "StopReason": null,
            "LotNumber": null,
            "Age": null
          }},
          "Occurrence": {
            "Type": 1,
            "IsDistinct": false,
            "Count": 0
          }
        }],
        "Type": "ALL",
        "DemographicCriteriaList": [],
        "Groups": [],
        "Count": null
      },
      "name": "without statin",
      "description": null
    }
  ],
  "PrimaryCriteria": {
    "CriteriaList": [{"DrugEra": {
      "EraStartDate": null,
      "CorrelatedCriteria": null,
      "OccurrenceCount": null,
      "AgeAtStart": {
        "Op": "gte",
        "Extent": null,
        "Value": 18
      },
      "GapDays": null,
      "CodesetId": 10,
      "AgeAtEnd": null,
      "First": null,
      "Gender": null,
      "EraLength": {
        "Op": "gte",
        "Extent": null,
        "Value": 30
      },
      "EraEndDate": null
    }}],
    "PrimaryCriteriaLimit": {"Type": "First"},
    "ObservationWindow": {
      "PostDays": 0,
      "PriorDays": 365
    }
  }
}